site_id,date,target_output,actual_output,shortfall_pct,rolling_7day_downtime_pct,days_since_last_maintenance,rainfall_proxy
balaghat,2026-03-01,1211.0,1236.0,-0.02064409578860446,0.008035714285714285,0.0,0.1464
balaghat,2026-03-02,1211.0,1237.1,-0.02155243600330298,0.008035714285714285,1.0,0.1525
balaghat,2026-03-03,1211.0,1340.6,-0.10701899256812544,0.008035714285714285,2.0,0.1586
balaghat,2026-03-04,1211.0,1186.4,0.020313790255986713,0.01176190476190476,0.0,0.1648
balaghat,2026-03-05,1211.0,1180.0,0.02559867877786953,0.01176190476190476,1.0,0.1711
balaghat,2026-03-06,1211.0,1161.7,0.040710156895127955,0.01176190476190476,2.0,0.1775
balaghat,2026-03-07,1211.0,1248.3,-0.030800990916597815,0.01176190476190476,3.0,0.184
balaghat,2026-03-08,1173.5,1239.8,-0.05649765658287171,0.0037261904761904763,4.0,0.1906
balaghat,2026-03-09,1173.5,1166.8,0.005709416276097184,0.0037261904761904763,5.0,0.1973
balaghat,2026-03-10,1173.5,1124.2,0.04201107797187895,0.0037261904761904763,6.0,0.2041
balaghat,2026-03-11,1173.5,1125.2,0.041158926288879384,0.0,7.0,0.2109
balaghat,2026-03-12,1173.5,1211.7,-0.032552194290583765,0.0,8.0,0.2178
balaghat,2026-03-13,1173.5,1217.1,-0.03715381337878135,0.0,9.0,0.2249
balaghat,2026-03-14,1173.5,1205.4,-0.027183638687686487,0.0,10.0,0.2319
balaghat,2026-03-15,1200.5,1160.6,0.03323615160349862,0.008023809523809523,11.0,0.2391
balaghat,2026-03-16,1200.5,1214.5,-0.011661807580174927,0.008023809523809523,12.0,0.2464
balaghat,2026-03-17,1200.5,1207.6,-0.005914202415660066,0.008023809523809523,13.0,0.2537
balaghat,2026-03-18,1200.5,1213.7,-0.010995418575593541,0.008023809523809523,14.0,0.261
balaghat,2026-03-19,1200.5,1252.9,-0.04364847980008337,0.008023809523809523,15.0,0.2685
balaghat,2026-03-20,1200.5,1214.0,-0.011245314452311536,0.008023809523809523,16.0,0.276
balaghat,2026-03-21,1200.5,1241.3,-0.03398583923365261,0.008023809523809523,17.0,0.2836
balaghat,2026-03-22,1234.4,1238.6,-0.003402462734931803,0.0,18.0,0.2912
balaghat,2026-03-23,1234.4,1252.3,-0.014500972132209869,0.0,19.0,0.2989
balaghat,2026-03-24,1234.4,1273.4,-0.03159429682436811,0.0,20.0,0.3067
balaghat,2026-03-25,1234.4,1144.5,0.07282890473104349,0.0,21.0,0.3145
balaghat,2026-03-26,1234.4,1214.7,0.015959170447180853,0.0,22.0,0.3224
balaghat,2026-03-27,1234.4,1205.4,0.023493195074530134,0.0,23.0,0.3303
balaghat,2026-03-28,1234.4,1195.0,0.031918340894361706,0.0,24.0,0.3383
balaghat,2026-03-29,1164.2,1148.2,0.01374334306820134,0.0,25.0,0.3463
balaghat,2026-03-30,1164.2,1251.2,-0.07472942793334478,0.005880952380952382,0.0,0.3544
balaghat,2026-03-31,1164.2,1113.8,0.0432915306648343,0.005880952380952382,1.0,0.3625
balaghat,2026-04-01,1164.2,1220.5,-0.048359388421233426,0.005880952380952382,2.0,0.3706
balaghat,2026-04-02,1164.2,1066.2,0.0841779762927332,0.005880952380952382,3.0,0.379
balaghat,2026-04-03,1164.2,1144.7,0.01674969936437038,0.005880952380952382,4.0,0.3875
balaghat,2026-04-04,1164.2,1173.6,-0.00807421405256817,0.005880952380952382,5.0,0.396
balaghat,2026-04-05,1117.3,1150.0,-0.029266982905217977,0.005880952380952382,6.0,0.4046
balaghat,2026-04-06,1117.3,1157.0,-0.035532086279423655,0.0,7.0,0.4132
balaghat,2026-04-07,1117.3,1161.6,-0.039649154211044445,0.0,8.0,0.4218
balaghat,2026-04-08,1117.3,1097.8,0.017452787971001523,0.0,9.0,0.4304
balaghat,2026-04-09,1117.3,1091.5,0.02309138100778659,0.0,10.0,0.4391
balaghat,2026-04-10,1117.3,1165.2,-0.04287120737492177,0.0,11.0,0.4477
balaghat,2026-04-11,1117.3,1106.6,0.009576658014857286,0.0,12.0,0.4564
balaghat,2026-04-12,1121.9,1050.3,0.06382030484000369,0.0,13.0,0.4651
balaghat,2026-04-13,1121.9,1058.3,0.05668954452268485,0.0,14.0,0.4738
balaghat,2026-04-14,1121.9,1070.3,0.0459934040467066,0.0,15.0,0.4826
balaghat,2026-04-15,1121.9,1149.8,-0.02486852660664931,0.0,16.0,0.4913
balaghat,2026-04-16,1121.9,1129.9,-0.007130760317318833,0.0,17.0,0.5
balaghat,2026-04-17,1121.9,1160.6,-0.03449505303502969,0.0,18.0,0.5087
balaghat,2026-04-18,1121.9,1097.9,0.0213922809519565,0.0,19.0,0.5174
balaghat,2026-04-19,1110.5,1119.3,-0.007924358397118374,0.0,20.0,0.5262
balaghat,2026-04-20,1110.5,1145.2,-0.03124718595227379,0.0,21.0,0.5349
balaghat,2026-04-21,1110.5,1093.3,0.015488518685276943,0.0,22.0,0.5436
balaghat,2026-04-22,1110.5,1135.9,-0.022872579918955506,0.0,23.0,0.5523
balaghat,2026-04-23,1110.5,1073.8,0.03304817649707343,0.0,24.0,0.5609
balaghat,2026-04-24,1110.5,1090.4,0.0180999549752363,0.035726190476190474,25.0,0.5696
balaghat,2026-04-25,1110.5,1089.3,0.019090499774876223,0.05309523809523809,26.0,0.5782
balaghat,2026-04-26,1109.9,1043.5,0.059825209478331455,0.05309523809523809,27.0,0.5868
balaghat,2026-04-27,1109.9,1136.9,-0.02432651590233354,0.06614285714285714,28.0,0.5954
balaghat,2026-04-28,1109.9,1083.9,0.023425533831876743,0.06614285714285714,29.0,0.604
balaghat,2026-04-29,1109.9,1110.6,-0.0006306874493195946,0.06614285714285714,30.0,0.6125
balaghat,2026-04-30,1109.9,1136.6,-0.02405622128119634,0.06614285714285714,31.0,0.621
balaghat,2026-05-01,1109.9,1134.7,-0.022344355347328544,0.030416666666666668,32.0,0.6294
balaghat,2026-05-02,1109.9,1146.8,-0.033246238399855715,0.01304761904761905,33.0,0.6375
balaghat,2026-05-03,1079.2,1073.9,0.004911045218680462,0.01304761904761905,34.0,0.6456
balaghat,2026-05-04,1079.2,1056.4,0.02112676056338024,0.0,35.0,0.6537
balaghat,2026-05-05,1079.2,1074.9,0.003984432913269046,0.0,36.0,0.6617
balaghat,2026-05-06,1079.2,988.1,0.08441438102298,0.0,37.0,0.6697
balaghat,2026-05-07,1079.2,1001.1,0.0723684210526316,0.0,38.0,0.6776
balaghat,2026-05-08,1079.2,1007.8,0.06616011860637518,0.0,39.0,0.6855
balaghat,2026-05-09,1079.2,1025.4,0.04985174203113413,0.026083333333333333,40.0,0.6933
balaghat,2026-05-10,1110.9,1133.1,-0.019983796921414904,0.026083333333333333,41.0,0.7011
balaghat,2026-05-11,1110.9,1060.6,0.045278602934557724,0.026083333333333333,42.0,0.7088
balaghat,2026-05-12,1110.9,1089.8,0.0189936087856694,0.026083333333333333,43.0,0.7164
balaghat,2026-05-13,1110.9,1183.0,-0.06490233144297408,0.026083333333333333,44.0,0.724
balaghat,2026-05-14,1110.9,1091.1,0.017823386443424412,0.026083333333333333,45.0,0.7315
balaghat,2026-05-15,1110.9,1151.8,-0.0368169952290934,0.026083333333333333,46.0,0.739
balaghat,2026-05-16,1110.9,1059.0,0.04671887658655152,0.0,47.0,0.7463
balaghat,2026-05-17,1138.9,1127.2,0.010273070506629242,0.0,48.0,0.7536
balaghat,2026-05-18,1138.9,1084.8,0.04750197559048216,0.0,49.0,0.7609
balaghat,2026-05-19,1138.9,1119.5,0.017033980156291238,0.0,50.0,0.7681
balaghat,2026-05-20,1138.9,1186.7,-0.041970322240758584,0.0,51.0,0.7751
balaghat,2026-05-21,1138.9,1040.5,0.0863991570813944,0.0,52.0,0.7822
balaghat,2026-05-22,1138.9,1163.6,-0.0216875932917726,0.0,53.0,0.7891
balaghat,2026-05-23,1138.9,1152.4,-0.011853542892264465,0.0,54.0,0.7959
balaghat,2026-05-24,1141.2,1107.3,0.02970557308096748,0.0,55.0,0.8027
balaghat,2026-05-25,1141.2,1058.7,0.07229232386961093,0.0,56.0,0.8094
balaghat,2026-05-26,1141.2,1145.3,-0.003592709428671494,0.006595238095238095,0.0,0.816
balaghat,2026-05-27,1141.2,1111.0,0.026463371889239435,0.027273809523809523,1.0,0.8225
balaghat,2026-05-28,1141.2,1154.5,-0.011654398878373601,0.027273809523809523,2.0,0.8289
balaghat,2026-05-29,1141.2,1142.5,-0.0011391517700665567,0.027273809523809523,3.0,0.8352
balaghat,2026-05-30,1141.2,1232.6,-0.08009113214160521,0.027273809523809523,4.0,0.8414
balaghat,2026-05-31,1181.8,1167.7,0.011930952783888907,0.027273809523809523,5.0,0.8475
balaghat,2026-06-01,1181.8,1009.2,0.14604840074462677,0.027273809523809523,6.0,0.8536
balaghat,2026-06-02,1181.8,1073.2,0.09189372144186826,0.020678571428571428,7.0,0.8597
balaghat,2026-06-03,1181.8,1075.3,0.09011677102724658,0.0,8.0,0.8657
balaghat,2026-06-04,1181.8,1135.9,0.038839059062447,0.0,9.0,0.8716
balaghat,2026-06-05,1181.8,1108.0,0.06244711457099336,0.02235714285714286,10.0,0.8774
balaghat,2026-06-06,1181.8,1082.6,0.08393975291927572,0.02235714285714286,11.0,0.883
balaghat,2026-06-07,1198.6,1157.7,0.034123143667612106,0.02235714285714286,12.0,0.8886
balaghat,2026-06-08,1198.6,1014.7,0.15342900050058392,0.02235714285714286,13.0,0.894
balaghat,2026-06-09,1198.6,752.4,0.3722676455865176,0.02235714285714286,14.0,0.8993
balaghat,2026-06-10,1198.6,741.2,0.38161188052728173,0.02235714285714286,15.0,0.9045
balaghat,2026-06-11,1198.6,762.1,0.3641748706824628,0.02235714285714286,16.0,0.9096
balaghat,2026-06-12,1198.6,723.7,0.39621224762222584,0.0,17.0,0.9145
balaghat,2026-06-13,1198.6,801.9,0.33096946437510427,0.0,18.0,0.9193
balaghat,2026-06-14,1167.7,1039.3,0.10995974993577125,0.0,19.0,0.924
balaghat,2026-06-15,1167.7,973.6,0.16622420142159802,0.0,20.0,0.9286
balaghat,2026-06-16,1167.7,997.6,0.145670977134538,0.0,21.0,0.933
balaghat,2026-06-17,1167.7,1067.4,0.08589534983300501,0.019892857142857143,22.0,0.9373
balaghat,2026-06-18,1167.7,1095.0,0.062259141902886055,0.019892857142857143,23.0,0.9415
balaghat,2026-06-19,1167.7,1155.9,0.010105335274471144,0.019892857142857143,24.0,0.9455
balaghat,2026-06-20,1167.7,1204.1,-0.031172390168707598,0.019892857142857143,25.0,0.9494
balaghat,2026-06-21,1181.0,1084.9,0.08137171888230306,0.019892857142857143,26.0,0.9532
balaghat,2026-06-22,1181.0,1010.3,0.14453852667231165,0.019892857142857143,27.0,0.9568
balaghat,2026-06-23,1181.0,949.6,0.19593564775613884,0.019892857142857143,28.0,0.9603
balaghat,2026-06-24,1181.0,1077.1,0.08797629127857755,0.0,29.0,0.9636
balaghat,2026-06-25,1181.0,1019.7,0.13657917019475016,0.0,30.0,0.9668
balaghat,2026-06-26,1181.0,1040.8,0.11871295512277735,0.0,31.0,0.9698
balaghat,2026-06-27,1181.0,1030.4,0.12751905165114302,0.0,32.0,0.9728
balaghat,2026-06-28,1146.5,1024.6,0.10632359354557357,0.0,33.0,0.9755
balaghat,2026-06-29,1146.5,1086.8,0.052071522023549976,0.0,34.0,0.9782
balaghat,2026-06-30,1146.5,1039.9,0.09297863061491488,0.0,35.0,0.9806
balaghat,2026-07-01,1146.5,1023.6,0.1071958133449629,0.0,36.0,0.983
balaghat,2026-07-02,1146.5,978.4,0.1466201482773659,0.0,37.0,0.9851
balaghat,2026-07-03,1146.5,945.4,0.17540340165721763,0.0,38.0,0.9871
balaghat,2026-07-04,1146.5,1006.7,0.12193632795464453,0.0,39.0,0.9889
balaghat,2026-07-05,1178.1,1057.4,0.10245310245310231,0.0,40.0,0.9906
balaghat,2026-07-06,1178.1,1154.0,0.02045666751549097,0.0,41.0,0.9922
balaghat,2026-07-07,1178.1,1067.2,0.09413462354638814,0.0,42.0,0.9936
balaghat,2026-07-08,1178.1,1112.4,0.05576776165011444,0.0,43.0,0.9949
balaghat,2026-07-09,1178.1,1033.8,0.1224853577794754,0.0,44.0,0.996
balaghat,2026-07-10,1178.1,997.5,0.15329768270944735,0.0,45.0,0.997
balaghat,2026-07-11,1178.1,1009.1,0.14345131992190807,0.0,46.0,0.9978
balaghat,2026-07-12,1176.3,1020.3,0.1326192297883193,0.0,47.0,0.9986
balaghat,2026-07-13,1176.3,1171.3,0.0042506163393692085,0.0,48.0,0.9991
balaghat,2026-07-14,1176.3,1015.2,0.13695485845447583,0.0,49.0,0.9996
balaghat,2026-07-15,1176.3,1103.0,0.06231403553515256,0.0,50.0,0.9998
balaghat,2026-07-16,1176.3,1010.9,0.1406103885063334,0.0,51.0,1.0
balaghat,2026-07-17,1176.3,1108.0,0.05806341919578335,0.0,52.0,1.0
balaghat,2026-07-18,1176.3,1079.0,0.08271699396412477,0.0,53.0,0.9998
balaghat,2026-07-19,1169.6,1044.4,0.10704514363885075,0.006857142857142857,54.0,0.9996
balaghat,2026-07-20,1169.6,1050.5,0.10182968536251703,0.006857142857142857,55.0,0.9991
balaghat,2026-07-21,1169.6,1018.2,0.12944596443228443,0.006857142857142857,56.0,0.9986
balaghat,2026-07-22,1169.6,834.3,0.28667920656634743,0.006857142857142857,57.0,0.9978
balaghat,2026-07-23,1169.6,797.5,0.31814295485636107,0.006857142857142857,58.0,0.997
balaghat,2026-07-24,1169.6,766.1,0.3449897400820793,0.006857142857142857,59.0,0.996
balaghat,2026-07-25,1169.6,763.9,0.3468707250341997,0.006857142857142857,60.0,0.9949
balaghat,2026-07-26,1145.1,805.9,0.2962186708584403,0.018166666666666668,61.0,0.9936
balaghat,2026-07-27,1145.1,862.1,0.24713998777399346,0.018166666666666668,62.0,0.9922
balaghat,2026-07-28,1145.1,805.4,0.2966553139463802,0.018166666666666668,63.0,0.9906
balaghat,2026-07-29,1145.1,794.2,0.3064361191162343,0.018166666666666668,64.0,0.9889
balaghat,2026-07-30,1145.1,810.4,0.29228888306698103,0.018166666666666668,65.0,0.9871
balaghat,2026-07-31,1145.1,1097.9,0.041219107501528095,0.018166666666666668,66.0,0.9851
balaghat,2026-08-01,1145.1,1041.9,0.09012313335079891,0.018166666666666668,67.0,0.983
balaghat,2026-08-02,1189.1,1048.2,0.11849297788243199,0.0,68.0,0.9807
balaghat,2026-08-03,1189.1,1129.4,0.05020603818013609,0.0,69.0,0.9783
balaghat,2026-08-04,1189.1,1093.2,0.08064923051046999,0.0,70.0,0.9758
balaghat,2026-08-05,1189.1,1152.4,0.030863678412244404,0.0,71.0,0.9731
balaghat,2026-08-06,1189.1,1080.0,0.09175006307291221,0.0,72.0,0.9703
balaghat,2026-08-07,1189.1,1004.7,0.15507526700866192,0.0,73.0,0.9674
balaghat,2026-08-08,1189.1,997.0,0.16155075267008656,0.0,74.0,0.9643
balaghat,2026-08-09,1183.6,1153.1,0.025768840824602908,0.0,75.0,0.9611
balaghat,2026-08-10,1183.6,1157.0,0.022473808719161804,0.0,76.0,0.9578
balaghat,2026-08-11,1183.6,1055.7,0.10806015545792487,0.0,77.0,0.9543
balaghat,2026-08-12,1183.6,1044.8,0.1172693477526191,0.0,78.0,0.9507
balaghat,2026-08-13,1183.6,1143.0,0.034302129097668055,0.0,79.0,0.947
balaghat,2026-08-14,1183.6,1006.3,0.1497972287935113,0.0,80.0,0.9432
balaghat,2026-08-15,1183.6,1017.6,0.1402500844880026,0.0,81.0,0.9392
balaghat,2026-08-16,1168.1,1085.2,0.07096995120280787,0.0,82.0,0.9351
balaghat,2026-08-17,1168.1,1030.6,0.11771252461261879,0.0,83.0,0.9309
balaghat,2026-08-18,1168.1,1051.1,0.10016265730673744,0.0,84.0,0.9265
balaghat,2026-08-19,1168.1,1042.7,0.10735382244670823,0.0,85.0,0.9221
balaghat,2026-08-20,1168.1,1069.1,0.08475301772108552,0.0,86.0,0.9175
balaghat,2026-08-21,1168.1,1125.3,0.03664069857032785,0.0,87.0,0.9128
balaghat,2026-08-22,1168.1,1056.1,0.09588220186627858,0.0,88.0,0.908
balaghat,2026-08-23,1155.5,1073.4,0.07105149286023359,0.0,89.0,0.903
balaghat,2026-08-24,1155.5,933.3,0.19229770662051063,0.0,90.0,0.898
balaghat,2026-08-25,1155.5,1037.4,0.102206836867157,0.0,91.0,0.8928
balaghat,2026-08-26,1155.5,996.1,0.1379489398528775,0.00975,92.0,0.8875
balaghat,2026-08-27,1155.5,976.6,0.15482475118996103,0.00975,93.0,0.8821
balaghat,2026-08-28,1155.5,994.3,0.13950670705322374,0.06283333333333334,94.0,0.8766
balaghat,2026-08-29,1155.5,1022.6,0.11501514495889223,0.06283333333333334,95.0,0.871
balaghat,2026-08-30,1174.6,1105.6,0.058743402009194624,0.06283333333333334,96.0,0.8653
bhandara,2026-03-01,710.0,709.1,0.001267605633802785,0.0,,0.1464
bhandara,2026-03-02,710.0,721.1,-0.01563380281690144,0.0,,0.1525
bhandara,2026-03-03,710.0,680.4,0.04169014084507045,0.0,,0.1586
bhandara,2026-03-04,710.0,653.5,0.0795774647887324,0.0,,0.1648
bhandara,2026-03-05,710.0,636.4,0.10366197183098595,0.0,,0.1711
bhandara,2026-03-06,710.0,670.3,0.055915492957746546,0.0,,0.1775
bhandara,2026-03-07,710.0,693.7,0.022957746478873175,0.0,,0.184
bhandara,2026-03-08,707.2,696.8,0.014705882352941305,0.0,,0.1906
bhandara,2026-03-09,707.2,775.7,-0.09686085972850678,0.0,,0.1973
bhandara,2026-03-10,707.2,746.3,-0.055288461538461404,0.0,,0.2041
bhandara,2026-03-11,707.2,673.2,0.04807692307692307,0.0,,0.2109
bhandara,2026-03-12,707.2,719.5,-0.01739253393665152,0.0,,0.2178
bhandara,2026-03-13,707.2,692.8,0.020361990950226373,0.0,,0.2249
bhandara,2026-03-14,707.2,697.2,0.014140271493212668,0.0,,0.2319
bhandara,2026-03-15,668.8,675.0,-0.009270334928229734,0.0,,0.2391
bhandara,2026-03-16,668.8,689.5,-0.030950956937799114,0.0,,0.2464
bhandara,2026-03-17,668.8,657.4,0.017045454545454513,0.0,,0.2537
bhandara,2026-03-18,668.8,704.3,-0.05308014354066986,0.0,,0.261
bhandara,2026-03-19,668.8,630.6,0.05711722488038268,0.0,,0.2685
bhandara,2026-03-20,668.8,669.0,-0.00029904306220102496,0.0,,0.276
bhandara,2026-03-21,668.8,755.6,-0.12978468899521542,0.0,,0.2836
bhandara,2026-03-22,688.3,695.9,-0.01104169693447628,0.0,,0.2912
bhandara,2026-03-23,688.3,737.6,-0.07162574458811576,0.0,,0.2989
bhandara,2026-03-24,688.3,691.4,-0.004503850065378502,0.0,,0.3067
bhandara,2026-03-25,688.3,708.2,-0.028911811710010303,0.0,,0.3145
bhandara,2026-03-26,688.3,686.3,0.002905709719599012,0.0,,0.3224
bhandara,2026-03-27,688.3,682.4,0.008571843672817053,0.0,,0.3303
bhandara,2026-03-28,688.3,661.4,0.039081795728606684,0.0,,0.3383
bhandara,2026-03-29,675.6,690.1,-0.021462403789224392,0.0,,0.3463
bhandara,2026-03-30,675.6,646.8,0.042628774422735445,0.0,,0.3544
bhandara,2026-03-31,675.6,698.0,-0.033155713439905234,0.039785714285714285,,0.3625
bhandara,2026-04-01,675.6,712.2,-0.05417406749555954,0.039785714285714285,,0.3706
bhandara,2026-04-02,675.6,687.9,-0.018206039076376485,0.039785714285714285,,0.379
bhandara,2026-04-03,675.6,439.4,0.3496151568975726,0.039785714285714285,,0.3875
bhandara,2026-04-04,675.6,455.9,0.3251924215512138,0.039785714285714285,,0.396
bhandara,2026-04-05,664.3,431.6,0.3502935420743639,0.039785714285714285,,0.4046
bhandara,2026-04-06,664.3,458.9,0.30919765166340507,0.039785714285714285,,0.4132
bhandara,2026-04-07,664.3,398.2,0.400572030709017,0.0,,0.4218
bhandara,2026-04-08,664.3,653.2,0.016709318079180958,0.0,,0.4304
bhandara,2026-04-09,664.3,598.2,0.09950323648953772,0.0,,0.4391
bhandara,2026-04-10,664.3,614.7,0.07466506096643069,0.0,,0.4477
bhandara,2026-04-11,664.3,709.6,-0.06819208189071213,0.0,,0.4564
bhandara,2026-04-12,641.9,670.6,-0.0447110141766631,0.0,,0.4651
bhandara,2026-04-13,641.9,618.8,0.035986913849509305,0.0,,0.4738
bhandara,2026-04-14,641.9,593.7,0.07508957781585907,0.0,,0.4826
bhandara,2026-04-15,641.9,546.7,0.14830970556161385,0.0,,0.4913
bhandara,2026-04-16,641.9,624.4,0.027262813522355506,0.0,,0.5
bhandara,2026-04-17,641.9,719.6,-0.12104689203925853,0.0,,0.5087
bhandara,2026-04-18,641.9,655.8,-0.02165446331204234,0.0,,0.5174
bhandara,2026-04-19,628.1,610.6,0.027861805444992834,0.0,,0.5262
bhandara,2026-04-20,628.1,642.7,-0.023244706256965487,0.0,,0.5349
bhandara,2026-04-21,628.1,579.1,0.07801305524597994,0.0,,0.5436
bhandara,2026-04-22,628.1,618.8,0.014806559465053444,0.0,,0.5523
bhandara,2026-04-23,628.1,631.3,-0.0050947301385128665,0.0028452380952380956,0.0,0.5609
bhandara,2026-04-24,628.1,625.4,0.004298678554370395,0.0028452380952380956,1.0,0.5696
bhandara,2026-04-25,628.1,653.0,-0.03964336889030405,0.0028452380952380956,2.0,0.5782
bhandara,2026-04-26,637.1,648.1,-0.01726573536336525,0.0028452380952380956,3.0,0.5868
bhandara,2026-04-27,637.1,658.4,-0.03343274211269809,0.0028452380952380956,4.0,0.5954
bhandara,2026-04-28,637.1,615.2,0.034374509496154414,0.0028452380952380956,5.0,0.604
bhandara,2026-04-29,637.1,665.7,-0.04489091194474968,0.0028452380952380956,6.0,0.6125
bhandara,2026-04-30,637.1,689.0,-0.08146287866896873,0.0,7.0,0.621
bhandara,2026-05-01,637.1,606.2,0.048501020247998704,0.0,8.0,0.6294
bhandara,2026-05-02,637.1,608.8,0.04442002825302161,0.0,9.0,0.6375
bhandara,2026-05-03,633.2,675.4,-0.06664560960202137,0.0,10.0,0.6456
bhandara,2026-05-04,633.2,627.1,0.009633607075173757,0.0,11.0,0.6537
bhandara,2026-05-05,633.2,677.6,-0.07012002526847753,0.0,12.0,0.6617
bhandara,2026-05-06,633.2,619.1,0.02226784586228683,0.0,13.0,0.6697
bhandara,2026-05-07,633.2,679.2,-0.07264687302590019,0.0,14.0,0.6776
bhandara,2026-05-08,633.2,637.3,-0.0064750473783953075,0.0,15.0,0.6855
bhandara,2026-05-09,633.2,641.3,-0.012792166771951845,0.0,16.0,0.6933
bhandara,2026-05-10,640.1,690.1,-0.07811279487580065,0.0,17.0,0.7011
bhandara,2026-05-11,640.1,628.5,0.018122168411185788,0.0,18.0,0.7088
bhandara,2026-05-12,640.1,609.9,0.04718012810498366,0.0,19.0,0.7164
bhandara,2026-05-13,640.1,625.7,0.022496484924230554,0.0,20.0,0.724
bhandara,2026-05-14,640.1,654.5,-0.022496484924230554,0.0,21.0,0.7315
bhandara,2026-05-15,640.1,589.9,0.07842524605530393,0.0,22.0,0.739
bhandara,2026-05-16,640.1,660.5,-0.03187002030932663,0.0,23.0,0.7463
bhandara,2026-05-17,647.7,630.2,0.02701868148834337,0.0,24.0,0.7536
bhandara,2026-05-18,647.7,684.8,-0.057279604755287795,0.0,25.0,0.7609
bhandara,2026-05-19,647.7,570.1,0.11980855334259691,0.0,26.0,0.7681
bhandara,2026-05-20,647.7,622.2,0.03937007874015748,0.0,27.0,0.7751
bhandara,2026-05-21,647.7,593.0,0.08445267870927906,0.0,28.0,0.7822
bhandara,2026-05-22,647.7,620.9,0.04137718079357738,0.0,29.0,0.7891
bhandara,2026-05-23,647.7,655.7,-0.012351397251814111,0.0,30.0,0.7959
bhandara,2026-05-24,675.4,669.3,0.009031684927450434,0.0,31.0,0.8027
bhandara,2026-05-25,675.4,666.8,0.01273319514361863,0.0,32.0,0.8094
bhandara,2026-05-26,675.4,670.0,0.007995262066923272,0.0,33.0,0.816
bhandara,2026-05-27,675.4,682.3,-0.010216168196624189,0.0,34.0,0.8225
bhandara,2026-05-28,675.4,641.3,0.05048859934853424,0.0,35.0,0.8289
bhandara,2026-05-29,675.4,699.3,-0.035386437666567926,0.0,36.0,0.8352
bhandara,2026-05-30,675.4,697.8,-0.03316553153686701,0.0,37.0,0.8414
bhandara,2026-05-31,668.2,681.1,-0.019305597126608766,0.02575,38.0,0.8475
bhandara,2026-06-01,668.2,618.1,0.07497755163124815,0.02575,39.0,0.8536
bhandara,2026-06-02,668.2,610.3,0.08665070338222103,0.02575,40.0,0.8597
bhandara,2026-06-03,668.2,453.9,0.3207123615683928,0.02575,41.0,0.8657
bhandara,2026-06-04,668.2,410.2,0.38611194253217607,0.02575,42.0,0.8716
bhandara,2026-06-05,668.2,405.6,0.39299610894941633,0.02575,43.0,0.8774
bhandara,2026-06-06,668.2,396.4,0.4067644417838971,0.02575,44.0,0.883
bhandara,2026-06-07,637.2,372.6,0.4152542372881356,0.0,45.0,0.8886
bhandara,2026-06-08,637.2,368.4,0.42184557438794734,0.0,46.0,0.894
bhandara,2026-06-09,637.2,548.0,0.1399874450721909,0.0,47.0,0.8993
bhandara,2026-06-10,637.2,571.4,0.10326428123038303,0.0,48.0,0.9045
bhandara,2026-06-11,637.2,583.0,0.0850596359070936,0.0,49.0,0.9096
bhandara,2026-06-12,637.2,574.9,0.0977715003138733,0.0,50.0,0.9145
bhandara,2026-06-13,637.2,551.5,0.13449466415568118,0.0,51.0,0.9193
bhandara,2026-06-14,659.6,620.3,0.059581564584596826,0.0,52.0,0.924
bhandara,2026-06-15,659.6,615.6,0.0667070952092177,0.0,53.0,0.9286
bhandara,2026-06-16,659.6,588.9,0.10718617343844761,0.0,54.0,0.933
bhandara,2026-06-17,659.6,574.2,0.12947240751970887,0.0,55.0,0.9373
bhandara,2026-06-18,659.6,609.9,0.0753486961795028,0.0,56.0,0.9415
bhandara,2026-06-19,659.6,430.5,0.34733171619163133,0.0,57.0,0.9455
bhandara,2026-06-20,659.6,395.6,0.4002425712553062,0.0,58.0,0.9494
bhandara,2026-06-21,652.6,420.5,0.35565430585350905,0.004107142857142857,0.0,0.9532
bhandara,2026-06-22,652.6,427.5,0.34492798038614775,0.004107142857142857,1.0,0.9568
bhandara,2026-06-23,652.6,403.0,0.3824701195219124,0.004107142857142857,2.0,0.9603
bhandara,2026-06-24,652.6,426.0,0.3472264787005823,0.004107142857142857,3.0,0.9636
bhandara,2026-06-25,652.6,391.3,0.40039840637450197,0.004107142857142857,4.0,0.9668
bhandara,2026-06-26,652.6,450.2,0.3101440392277046,0.004107142857142857,5.0,0.9698
bhandara,2026-06-27,652.6,448.3,0.31305547042598836,0.004107142857142857,6.0,0.9728
bhandara,2026-06-28,676.0,431.6,0.36153846153846153,0.0,7.0,0.9755
bhandara,2026-06-29,676.0,619.5,0.08357988165680473,0.0,8.0,0.9782
bhandara,2026-06-30,676.0,535.1,0.20843195266272185,0.006261904761904762,9.0,0.9806
bhandara,2026-07-01,676.0,573.3,0.151923076923077,0.006261904761904762,10.0,0.983
bhandara,2026-07-02,676.0,599.5,0.11316568047337278,0.006261904761904762,11.0,0.9851
bhandara,2026-07-03,676.0,575.8,0.148224852071006,0.006261904761904762,12.0,0.9871
bhandara,2026-07-04,676.0,630.2,0.06775147928994076,0.006261904761904762,13.0,0.9889
bhandara,2026-07-05,684.1,677.2,0.010086244701067061,0.006261904761904762,14.0,0.9906
bhandara,2026-07-06,684.1,579.5,0.15290162256979978,0.006261904761904762,15.0,0.9922
bhandara,2026-07-07,684.1,589.9,0.13769916678848126,0.0,16.0,0.9936
bhandara,2026-07-08,684.1,622.9,0.08946060517468213,0.0,17.0,0.9949
bhandara,2026-07-09,684.1,665.3,0.02748136237392204,0.0,18.0,0.996
bhandara,2026-07-10,684.1,578.0,0.15509428446133608,0.0,19.0,0.997
bhandara,2026-07-11,684.1,623.3,0.08887589533693914,0.008916666666666666,0.0,0.9978
bhandara,2026-07-12,681.3,669.0,0.018053720827829085,0.008916666666666666,1.0,0.9986
bhandara,2026-07-13,681.3,562.6,0.17422574489945683,0.008916666666666666,2.0,0.9991
bhandara,2026-07-14,681.3,573.9,0.15763980625275206,0.008916666666666666,3.0,0.9996
bhandara,2026-07-15,681.3,600.2,0.11903713488918231,0.008916666666666666,4.0,0.9998
bhandara,2026-07-16,681.3,597.2,0.12344048143255529,0.008916666666666666,5.0,1.0
bhandara,2026-07-17,681.3,638.1,0.06340819022457057,0.008916666666666666,6.0,1.0
bhandara,2026-07-18,681.3,620.6,0.0890943783942462,0.0,7.0,0.9998
bhandara,2026-07-19,688.7,564.8,0.17990416727167138,0.0,8.0,0.9996
bhandara,2026-07-20,688.7,635.8,0.07681138376651675,0.0,9.0,0.9991
bhandara,2026-07-21,688.7,601.9,0.12603455786263984,0.0,10.0,0.9986
bhandara,2026-07-22,688.7,659.3,0.042689124437345856,0.0,11.0,0.9978
bhandara,2026-07-23,688.7,600.3,0.12835777551909408,0.0,12.0,0.997
bhandara,2026-07-24,688.7,600.1,0.12864817772615075,0.0,13.0,0.996
bhandara,2026-07-25,688.7,636.6,0.07564977493828956,0.0,14.0,0.9949
bhandara,2026-07-26,729.6,681.7,0.06565241228070172,0.0,15.0,0.9936
bhandara,2026-07-27,729.6,671.4,0.07976973684210532,0.0,16.0,0.9922
bhandara,2026-07-28,729.6,601.3,0.17584978070175447,0.0,17.0,0.9906
bhandara,2026-07-29,729.6,674.3,0.07579495614035096,0.0,18.0,0.9889
bhandara,2026-07-30,729.6,622.7,0.14651864035087717,0.0,19.0,0.9871
bhandara,2026-07-31,729.6,664.4,0.08936403508771935,0.0,20.0,0.9851
bhandara,2026-08-01,729.6,609.9,0.16406250000000006,0.0,21.0,0.983
bhandara,2026-08-02,773.2,711.4,0.07992757371960692,0.0,22.0,0.9807
bhandara,2026-08-03,773.2,667.9,0.13618727366787386,0.0,23.0,0.9783
bhandara,2026-08-04,773.2,651.3,0.15765649249870678,0.0,24.0,0.9758
bhandara,2026-08-05,773.2,720.8,0.06777030522503891,0.0,25.0,0.9731
bhandara,2026-08-06,773.2,704.3,0.08911019141231258,0.0,26.0,0.9703
bhandara,2026-08-07,773.2,674.6,0.12752198654940508,0.0,27.0,0.9674
bhandara,2026-08-08,773.2,746.4,0.03466114847387489,0.0,28.0,0.9643
bhandara,2026-08-09,774.7,681.9,0.11978830515038087,0.0,29.0,0.9611
bhandara,2026-08-10,774.7,698.3,0.09861882018846016,0.0,30.0,0.9578
bhandara,2026-08-11,774.7,706.6,0.08790499548212213,0.0,31.0,0.9543
bhandara,2026-08-12,774.7,675.6,0.12792048534916745,0.0,32.0,0.9507
bhandara,2026-08-13,774.7,713.7,0.07874015748031496,0.0,33.0,0.947
bhandara,2026-08-14,774.7,678.6,0.12404801858784048,0.0,34.0,0.9432
bhandara,2026-08-15,774.7,682.9,0.11849748289660522,0.0,35.0,0.9392
bhandara,2026-08-16,778.1,748.0,0.03868397378229022,0.0,36.0,0.9351
bhandara,2026-08-17,778.1,663.8,0.14689628582444425,0.0,37.0,0.9309
bhandara,2026-08-18,778.1,615.8,0.2085850147795914,0.0,38.0,0.9265
bhandara,2026-08-19,778.1,756.7,0.02750289165916974,0.0,39.0,0.9221
bhandara,2026-08-20,778.1,789.5,-0.014651073126847419,0.0,40.0,0.9175
bhandara,2026-08-21,778.1,686.1,0.11823673049736537,0.0,41.0,0.9128
bhandara,2026-08-22,778.1,632.4,0.1872509960159363,0.0,42.0,0.908
bhandara,2026-08-23,784.0,694.6,0.11403061224489792,0.0,43.0,0.903
bhandara,2026-08-24,784.0,695.5,0.11288265306122448,0.012595238095238095,44.0,0.898
bhandara,2026-08-25,784.0,698.9,0.10854591836734696,0.012595238095238095,45.0,0.8928
bhandara,2026-08-26,784.0,666.3,0.15012755102040823,0.012595238095238095,46.0,0.8875
bhandara,2026-08-27,784.0,726.0,0.07397959183673469,0.012595238095238095,47.0,0.8821
bhandara,2026-08-28,784.0,724.1,0.07640306122448977,0.012595238095238095,48.0,0.8766
bhandara,2026-08-29,784.0,652.9,0.16721938775510206,0.012595238095238095,49.0,0.871
bhandara,2026-08-30,782.9,729.2,0.06859113552177792,0.012595238095238095,50.0,0.8653
nagpur,2026-03-01,891.2,812.8,0.08797127468581697,0.0,,0.1464
nagpur,2026-03-02,891.2,825.8,0.07338420107719938,0.0,,0.1525
nagpur,2026-03-03,891.2,986.0,-0.10637342908438055,0.0,,0.1586
nagpur,2026-03-04,891.2,833.8,0.06440754039497316,0.0,,0.1648
nagpur,2026-03-05,891.2,842.3,0.05486983842010782,0.0,,0.1711
nagpur,2026-03-06,891.2,973.0,-0.09178635547576296,0.04616666666666667,,0.1775
nagpur,2026-03-07,891.2,1020.6,-0.14519748653500894,0.04616666666666667,,0.184
nagpur,2026-03-08,918.2,864.4,0.05859289915051194,0.04616666666666667,,0.1906
nagpur,2026-03-09,918.2,901.3,0.0184055761272055,0.05788095238095239,,0.1973
nagpur,2026-03-10,918.2,632.0,0.31169679808320633,0.05788095238095239,,0.2041
nagpur,2026-03-11,918.2,675.1,0.2647571335221085,0.05788095238095239,,0.2109
nagpur,2026-03-12,918.2,590.7,0.35667610542365497,0.05788095238095239,,0.2178
nagpur,2026-03-13,918.2,613.8,0.3315181877586583,0.011714285714285714,,0.2249
nagpur,2026-03-14,918.2,645.6,0.29688521019385755,0.011714285714285714,,0.2319
nagpur,2026-03-15,932.8,645.0,0.30853344768439106,0.011714285714285714,,0.2391
nagpur,2026-03-16,932.8,619.4,0.3359777015437393,0.0,,0.2464
nagpur,2026-03-17,932.8,627.0,0.32783018867924524,0.0,,0.2537
nagpur,2026-03-18,932.8,868.6,0.06882504288164659,0.0,,0.261
nagpur,2026-03-19,932.8,921.6,0.012006861063464765,0.0,,0.2685
nagpur,2026-03-20,932.8,920.3,0.013400514579759864,0.0,,0.276
nagpur,2026-03-21,932.8,943.6,-0.011578044596912595,0.0,,0.2836
nagpur,2026-03-22,968.9,942.0,0.027763443079781173,0.0,,0.2912
nagpur,2026-03-23,968.9,991.7,-0.02353184023119008,0.0,,0.2989
nagpur,2026-03-24,968.9,1017.9,-0.05057281453194344,0.0,,0.3067
nagpur,2026-03-25,968.9,976.4,-0.0077407369181546086,0.0,,0.3145
nagpur,2026-03-26,968.9,985.9,-0.01754567034781711,0.004011904761904762,,0.3224
nagpur,2026-03-27,968.9,971.4,-0.0025802456393848694,0.004011904761904762,,0.3303
nagpur,2026-03-28,968.9,968.9,0.0,0.054297619047619046,,0.3383
nagpur,2026-03-29,964.7,929.9,0.03607339069140673,0.054297619047619046,,0.3463
nagpur,2026-03-30,964.7,980.0,-0.015859852803980463,0.054297619047619046,,0.3544
nagpur,2026-03-31,964.7,960.0,0.004871980926713015,0.054297619047619046,,0.3625
nagpur,2026-04-01,964.7,1065.7,-0.10469576034000207,0.054297619047619046,,0.3706
nagpur,2026-04-02,964.7,1040.6,-0.07867730900798162,0.05028571428571429,,0.379
nagpur,2026-04-03,964.7,983.3,-0.019280605369544842,0.05028571428571429,,0.3875
nagpur,2026-04-04,964.7,927.9,0.03814657406447607,0.004976190476190476,,0.396
nagpur,2026-04-05,945.9,893.3,0.05560841526588437,0.004976190476190476,,0.4046
nagpur,2026-04-06,945.9,1002.2,-0.05952003383021468,0.004976190476190476,,0.4132
nagpur,2026-04-07,945.9,958.3,-0.013109208161539251,0.004976190476190476,,0.4218
nagpur,2026-04-08,945.9,968.6,-0.023998308489269527,0.004976190476190476,,0.4304
nagpur,2026-04-09,945.9,863.4,0.0872185220424992,0.030392857142857145,,0.4391
nagpur,2026-04-10,945.9,989.8,-0.04641082566867531,0.030392857142857145,,0.4477
nagpur,2026-04-11,945.9,967.4,-0.02272967544137858,0.025416666666666667,,0.4564
nagpur,2026-04-12,939.9,887.7,0.05553782317267787,0.025416666666666667,,0.4651
nagpur,2026-04-13,939.9,917.7,0.023619533992977903,0.025416666666666667,,0.4738
nagpur,2026-04-14,939.9,952.3,-0.01319289286094263,0.025416666666666667,,0.4826
nagpur,2026-04-15,939.9,942.3,-0.002553463134375973,0.025416666666666667,,0.4913
nagpur,2026-04-16,939.9,926.1,0.014682413022661937,0.0,,0.5
nagpur,2026-04-17,939.9,935.0,0.005213320566017638,0.0,,0.5087
nagpur,2026-04-18,939.9,610.7,0.35025002659857424,0.0,,0.5174
nagpur,2026-04-19,946.4,627.5,0.3369611158072696,0.0,,0.5262
nagpur,2026-04-20,946.4,668.6,0.2935333896872358,0.0,,0.5349
nagpur,2026-04-21,946.4,542.8,0.42645815722738806,0.0,,0.5436
nagpur,2026-04-22,946.4,615.4,0.34974640743871516,0.0,,0.5523
nagpur,2026-04-23,946.4,954.8,-0.00887573964497039,0.0,,0.5609
nagpur,2026-04-24,946.4,960.4,-0.014792899408284025,0.0,,0.5696
nagpur,2026-04-25,946.4,928.8,0.018596787827557082,0.0,,0.5782
nagpur,2026-04-26,951.2,867.6,0.08788898233809926,0.0,,0.5868
nagpur,2026-04-27,951.2,966.8,-0.01640033641715718,0.0,,0.5954
nagpur,2026-04-28,951.2,1033.3,-0.08631202691337249,0.0,,0.604
nagpur,2026-04-29,951.2,878.2,0.07674516400336417,0.0,,0.6125
nagpur,2026-04-30,951.2,992.3,-0.04320857863751042,0.026666666666666665,,0.621
nagpur,2026-05-01,951.2,935.6,0.0164003364171573,0.026666666666666665,,0.6294
nagpur,2026-05-02,951.2,948.3,0.0030487804878049736,0.026666666666666665,,0.6375
nagpur,2026-05-03,921.9,873.4,0.0526087428137542,0.026666666666666665,,0.6456
nagpur,2026-05-04,921.9,906.5,0.01670463173880028,0.026666666666666665,,0.6537
nagpur,2026-05-05,921.9,981.8,-0.06497450916585311,0.026666666666666665,,0.6617
nagpur,2026-05-06,921.9,948.8,-0.029178869725566742,0.026666666666666665,,0.6697
nagpur,2026-05-07,921.9,1001.7,-0.08656036446469256,0.0,,0.6776
nagpur,2026-05-08,921.9,976.2,-0.05890009762447128,0.0,,0.6855
nagpur,2026-05-09,921.9,942.1,-0.021911270202842007,0.0,,0.6933
nagpur,2026-05-10,924.3,1004.9,-0.08720112517580875,0.0,,0.7011
nagpur,2026-05-11,924.3,944.6,-0.02196256626636381,0.0,,0.7088
nagpur,2026-05-12,924.3,962.6,-0.04143676295575038,0.0,,0.7164
nagpur,2026-05-13,924.3,910.6,0.014822027480255255,0.0,,0.724
nagpur,2026-05-14,924.3,927.4,-0.0033538894298388217,0.0,,0.7315
nagpur,2026-05-15,924.3,892.1,0.03483717407768033,0.0,,0.739
nagpur,2026-05-16,924.3,970.1,-0.04955101157632811,0.0,,0.7463
nagpur,2026-05-17,930.5,875.7,0.058893068242880126,0.0,,0.7536
nagpur,2026-05-18,930.5,966.9,-0.03911875335840943,0.0,,0.7609
nagpur,2026-05-19,930.5,921.6,0.009564750134336353,0.0,,0.7681
nagpur,2026-05-20,930.5,985.0,-0.05857066093498119,0.0,,0.7751
nagpur,2026-05-21,930.5,965.4,-0.037506716818914536,0.021785714285714287,,0.7822
nagpur,2026-05-22,930.5,1015.2,-0.09102632993014513,0.021785714285714287,,0.7891
nagpur,2026-05-23,930.5,964.5,-0.03653949489521763,0.021785714285714287,,0.7959
nagpur,2026-05-24,998.5,920.0,0.0786179268903355,0.03180952380952381,,0.8027
nagpur,2026-05-25,998.5,995.1,0.0034051076614922157,0.03180952380952381,,0.8094
nagpur,2026-05-26,998.5,940.0,0.058587881822734104,0.03180952380952381,,0.816
nagpur,2026-05-27,998.5,972.6,0.025938908362543794,0.03180952380952381,,0.8225
nagpur,2026-05-28,998.5,1073.9,-0.07551326990485738,0.010023809523809523,,0.8289
nagpur,2026-05-29,998.5,1030.3,-0.03184777165748618,0.010023809523809523,,0.8352
nagpur,2026-05-30,998.5,963.6,0.034952428642964425,0.010023809523809523,,0.8414
nagpur,2026-05-31,1008.0,956.9,0.050694444444444466,0.0,,0.8475
nagpur,2026-06-01,1008.0,908.7,0.09851190476190472,0.0,,0.8536
nagpur,2026-06-02,1008.0,852.0,0.15476190476190477,0.0,,0.8597
nagpur,2026-06-03,1008.0,876.8,0.1301587301587302,0.0,,0.8657
nagpur,2026-06-04,1008.0,921.4,0.08591269841269844,0.0,,0.8716
nagpur,2026-06-05,1008.0,959.6,0.04801587301587299,0.0,,0.8774
nagpur,2026-06-06,1008.0,934.8,0.07261904761904767,0.0,,0.883
nagpur,2026-06-07,1008.0,803.3,0.20307539682539688,0.0,,0.8886
nagpur,2026-06-08,1008.0,921.0,0.08630952380952381,0.0,,0.894
nagpur,2026-06-09,1008.0,910.5,0.09672619047619048,0.0,,0.8993
nagpur,2026-06-10,1008.0,926.0,0.08134920634920635,0.0,,0.9045
nagpur,2026-06-11,1008.0,980.5,0.027281746031746032,0.0,,0.9096
nagpur,2026-06-12,1008.0,813.6,0.19285714285714284,0.0,,0.9145
nagpur,2026-06-13,1008.0,880.4,0.1265873015873016,0.0,,0.9193
nagpur,2026-06-14,1008.0,934.0,0.07341269841269842,0.014226190476190476,,0.924
nagpur,2026-06-15,1008.0,835.5,0.17113095238095238,0.014226190476190476,,0.9286
nagpur,2026-06-16,1008.0,974.1,0.03363095238095236,0.014226190476190476,,0.933
nagpur,2026-06-17,1008.0,923.9,0.0834325396825397,0.014226190476190476,,0.9373
nagpur,2026-06-18,1008.0,945.6,0.06190476190476188,0.014226190476190476,,0.9415
nagpur,2026-06-19,1008.0,881.3,0.1256944444444445,0.014226190476190476,,0.9455
nagpur,2026-06-20,1008.0,944.1,0.06339285714285713,0.014226190476190476,,0.9494
nagpur,2026-06-21,978.8,928.0,0.05190028606456881,0.0,,0.9532
nagpur,2026-06-22,978.8,891.2,0.08949734368614622,0.0,,0.9568
nagpur,2026-06-23,978.8,891.3,0.08939517776869636,0.0,,0.9603
nagpur,2026-06-24,978.8,892.9,0.08776052308949732,0.0,,0.9636
nagpur,2026-06-25,978.8,842.9,0.13884348181446668,0.0,,0.9668
nagpur,2026-06-26,978.8,874.5,0.10655905190028603,0.0,,0.9698
nagpur,2026-06-27,978.8,874.2,0.1068655496526358,0.0,,0.9728
nagpur,2026-06-28,962.9,883.2,0.08277079655208218,0.0,,0.9755
nagpur,2026-06-29,962.9,909.9,0.05504206044241355,0.0,,0.9782
nagpur,2026-06-30,962.9,820.7,0.14767888669643778,0.0,,0.9806
nagpur,2026-07-01,962.9,861.2,0.10561844428289535,0.0,,0.983
nagpur,2026-07-02,962.9,930.8,0.03333679509814105,0.0,,0.9851
nagpur,2026-07-03,962.9,834.4,0.1334510333367951,0.02455952380952381,,0.9871
nagpur,2026-07-04,962.9,831.0,0.13698203344064802,0.02455952380952381,,0.9889
nagpur,2026-07-05,971.4,883.1,0.09089973234506893,0.02455952380952381,,0.9906
nagpur,2026-07-06,971.4,911.2,0.061972410953263266,0.02455952380952381,,0.9922
nagpur,2026-07-07,971.4,874.8,0.09944410129709699,0.02455952380952381,,0.9936
nagpur,2026-07-08,971.4,932.4,0.04014823965410747,0.02455952380952381,,0.9949
nagpur,2026-07-09,971.4,911.7,0.061457689932056754,0.02455952380952381,,0.996
nagpur,2026-07-10,971.4,911.1,0.062075355157504584,0.0,,0.997
nagpur,2026-07-11,971.4,898.5,0.07504632489190856,0.0,,0.9978
nagpur,2026-07-12,1004.0,1008.7,-0.004681274900398452,0.0,,0.9986
nagpur,2026-07-13,1004.0,894.3,0.10926294820717136,0.0,,0.9991
nagpur,2026-07-14,1004.0,813.1,0.19013944223107568,0.0,,0.9996
nagpur,2026-07-15,1004.0,976.0,0.027888446215139442,0.0,,0.9998
nagpur,2026-07-16,1004.0,882.9,0.12061752988047811,0.0,,1.0
nagpur,2026-07-17,1004.0,908.4,0.09521912350597612,0.0,,1.0
nagpur,2026-07-18,1004.0,962.7,0.041135458167330635,0.0,,0.9998
nagpur,2026-07-19,984.3,814.9,0.17210200142233056,0.0,,0.9996
nagpur,2026-07-20,984.3,830.4,0.1563547698872295,0.0,,0.9991
nagpur,2026-07-21,984.3,814.9,0.17210200142233056,0.0,,0.9986
nagpur,2026-07-22,984.3,850.7,0.1357309763283551,0.0,,0.9978
nagpur,2026-07-23,984.3,905.3,0.08026008330793458,0.0,,0.997
nagpur,2026-07-24,984.3,909.1,0.0763994717057807,0.0,,0.996
nagpur,2026-07-25,984.3,898.1,0.08757492634359437,0.0,,0.9949
nagpur,2026-07-26,966.6,808.5,0.16356300434512727,0.0,,0.9936
nagpur,2026-07-27,966.6,769.5,0.20391061452513967,0.0,,0.9922
nagpur,2026-07-28,966.6,872.3,0.09755845230705573,0.0,,0.9906
nagpur,2026-07-29,966.6,849.4,0.12124974136147325,0.0,,0.9889
nagpur,2026-07-30,966.6,889.9,0.07935030002069113,0.0,,0.9871
nagpur,2026-07-31,966.6,900.5,0.06838402648458516,0.0,,0.9851
nagpur,2026-08-01,966.6,876.0,0.0937306021104904,0.0,,0.983
nagpur,2026-08-02,908.6,848.9,0.0657054809597183,0.0,,0.9807
nagpur,2026-08-03,908.6,827.2,0.08958837772397092,0.0,,0.9783
nagpur,2026-08-04,908.6,839.5,0.07605106757649133,0.0,,0.9758
nagpur,2026-08-05,908.6,789.0,0.13163108078362318,0.0,,0.9731
nagpur,2026-08-06,908.6,810.4,0.1080783623156505,0.0,,0.9703
nagpur,2026-08-07,908.6,825.8,0.09112920977327764,0.0,,0.9674
nagpur,2026-08-08,908.6,851.3,0.06306405458947839,0.0,,0.9643
nagpur,2026-08-09,904.3,797.8,0.1177706513325224,0.0,,0.9611
nagpur,2026-08-10,904.3,835.0,0.07663386044454269,0.0,,0.9578
nagpur,2026-08-11,904.3,803.0,0.11202034722990153,0.0,,0.9543
nagpur,2026-08-12,904.3,809.0,0.10538538095764675,0.0,,0.9507
nagpur,2026-08-13,904.3,847.6,0.06270043127280762,0.0,,0.947
nagpur,2026-08-14,904.3,732.7,0.1897600353864867,0.0,,0.9432
nagpur,2026-08-15,904.3,761.1,0.15835452836448075,0.0,,0.9392
nagpur,2026-08-16,875.6,729.6,0.1667428049337597,0.0,,0.9351
nagpur,2026-08-17,875.6,696.1,0.20500228414801278,0.0,,0.9309
nagpur,2026-08-18,875.6,761.3,0.1305390589310188,0.0,,0.9265
nagpur,2026-08-19,875.6,554.0,0.3672910004568296,0.023499999999999997,,0.9221
nagpur,2026-08-20,875.6,526.4,0.3988122430333486,0.023499999999999997,,0.9175
nagpur,2026-08-21,875.6,539.3,0.3840794883508452,0.023499999999999997,,0.9128
nagpur,2026-08-22,875.6,563.1,0.3568981269986295,0.023499999999999997,,0.908
nagpur,2026-08-23,861.3,560.2,0.34958783234645296,0.023499999999999997,,0.903
nagpur,2026-08-24,861.3,523.5,0.3921978404737025,0.023499999999999997,,0.898
nagpur,2026-08-25,861.3,560.9,0.34877510739579703,0.023499999999999997,,0.8928
nagpur,2026-08-26,861.3,527.7,0.3873214907697666,0.0,,0.8875
nagpur,2026-08-27,861.3,742.7,0.13769882735399966,0.0,,0.8821
nagpur,2026-08-28,861.3,752.1,0.12678509230233362,0.0,,0.8766
nagpur,2026-08-29,861.3,717.8,0.16660861488447695,0.0,,0.871
nagpur,2026-08-30,837.6,720.4,0.13992359121298956,0.0,,0.8653
